iter	MultiClass
0	0.5506382885
1	0.5044691996
2	0.4864106224
3	0.4758065417
4	0.4678844188
5	0.4618989348
6	0.4546956162
7	0.4513430307
8	0.4471236737
